{"model_type": "tiny_logreg_gd", "seed": 42, "weights": [0.20342698935218503, 0.13191784561325767, 0.09611349436633053, 0.03942939208979222, 0.24075456942820467, -0.13162734089562017], "bias": -0.2437883930152433}